,Unnamed: 0,Unnamed: 0.1,Unnamed: 0.1.1,Unnamed: 0.1.1.1,Unnamed: 0.1.1.1.1,Unnamed: 0.1.1.1.1.1,Unnamed: 0.1.1.1.1.1.1,Unnamed: 0.1.1.1.1.1.1.1,Unnamed: 0.1.1.1.1.1.1.1.1,Unnamed: 0.1.1.1.1.1.1.1.1.1,Unnamed: 0.1.1.1.1.1.1.1.1.1.1,Unnamed: 0.1.1.1.1.1.1.1.1.1.1.1,Unnamed: 0.1.1.1.1.1.1.1.1.1.1.1.1,Unnamed: 0.1.1.1.1.1.1.1.1.1.1.1.1.1,Unnamed: 0.1.1.1.1.1.1.1.1.1.1.1.1.1.1,Unnamed: 0.1.1.1.1.1.1.1.1.1.1.1.1.1.1.1,Unnamed: 0.1.1.1.1.1.1.1.1.1.1.1.1.1.1.1.1,Unnamed: 0.1.1.1.1.1.1.1.1.1.1.1.1.1.1.1.1.1,City,Cloudiness,Country,Date,Humidity,Lat,Lng,Max Temp,Wind Speed
0,0,0,0,0,0,0,0,0,0,0,0,0,0,0,0,0,0,0,bethel,1.0,US,1579730693,43.0,41.37,-73.41,37.39999999999998,1.904
1,1,1,1,1,1,1,1,1,1,1,1,1,1,1,1,1,1,1,east london,100.0,ZA,1579730693,72.0,-33.02,27.91,71.14999999999992,7.68
2,2,2,2,2,2,2,2,2,2,2,2,2,2,2,2,2,2,2,mataura,99.0,NZ,1579730693,77.0,-46.19,168.86,62.00600000000003,7.872000000000001
3,3,3,3,3,3,3,3,3,3,3,3,3,3,3,3,3,3,3,taksimo,100.0,RU,1579730693,84.0,56.34,114.88,-18.670000000000016,1.6640000000000001
4,4,4,4,4,4,4,4,4,4,4,4,4,4,4,4,4,4,4,albany,1.0,US,1579730434,63.0,42.6,-73.97,33.00799999999998,2.4000000000000004
5,5,5,5,5,5,5,5,5,5,5,5,5,5,5,5,5,5,5,avera,1.0,US,1579730694,24.0,33.19,-82.53,51.79999999999996,6.56
6,6,6,6,6,6,6,6,6,6,6,6,6,6,6,6,6,6,6,puerto ayora,20.0,EC,1579730636,66.0,-0.74,-90.35,84.19999999999997,8.16
7,7,7,7,7,7,7,7,7,7,7,7,7,7,7,7,7,7,7,heyang,99.0,CN,1579730695,96.0,26.1,107.47,52.43000000000001,1.904
8,8,8,8,8,8,8,8,8,8,8,8,8,8,8,8,8,8,8,port hueneme,1.0,US,1579730695,63.0,34.15,-119.2,67.99999999999993,4.16
9,9,9,9,9,9,9,9,9,9,9,9,9,9,9,9,9,9,9,panaba,47.0,MX,1579730695,54.0,21.28,-88.27,71.43800000000005,6.016
10,10,10,10,10,10,10,10,10,10,10,10,10,10,10,10,10,10,10,cape town,0.0,ZA,1579729962,49.0,-33.93,18.42,69.00799999999998,9.12
11,11,11,11,11,11,11,11,11,11,11,11,11,11,11,11,11,11,11,busselton,99.0,AU,1579730594,62.0,-33.65,115.33,62.00600000000003,6.7680000000000025
12,12,12,12,12,12,12,12,12,12,12,12,12,12,12,12,12,12,12,port hedland,2.0,AU,1579730696,83.0,-20.32,118.57,80.59999999999997,6.56
13,13,13,13,13,13,13,13,13,13,13,13,13,13,13,13,13,13,13,topeka,90.0,US,1579730599,91.0,39.05,-95.68,35.99599999999997,9.920000000000002
14,14,14,14,14,14,14,14,14,14,14,14,14,14,14,14,14,14,14,new norfolk,75.0,AU,1579730697,87.0,-42.78,147.06,57.991999999999905,7.3599999999999985
15,15,15,15,15,15,15,15,15,15,15,15,15,15,15,15,15,15,15,kavaratti,25.0,IN,1579730697,76.0,10.57,72.64,81.80599999999998,6.864000000000001
16,16,16,16,16,16,16,16,16,16,16,16,16,16,16,16,16,16,16,saint-philippe,90.0,RE,1579730623,94.0,-21.36,55.77,78.80000000000003,9.12
17,17,17,17,17,17,17,17,17,17,17,17,17,17,17,17,17,17,17,punta arenas,100.0,CL,1579730637,41.0,-53.15,-70.92,57.19999999999999,3.3600000000000003
18,18,18,18,18,18,18,18,18,18,18,18,18,18,18,18,18,18,18,vanderhoof,36.0,CA,1579730420,90.0,54.02,-124.02,28.50799999999998,1.952
19,19,19,19,19,19,19,19,19,19,19,19,19,19,19,19,19,19,19,bredasdorp,0.0,ZA,1579730698,93.0,-34.53,20.04,64.00399999999996,3.3600000000000003
20,20,20,20,20,20,20,20,20,20,20,20,20,20,20,20,20,20,20,itarema,99.0,BR,1579730699,80.0,-2.92,-39.92,79.53799999999995,4.960000000000001
21,21,21,21,21,21,21,21,21,21,21,21,21,21,21,21,21,21,21,kaeo,9.0,NZ,1579730699,57.0,-35.1,173.78,73.9940000000001,2.144
22,22,22,22,22,22,22,22,22,22,22,22,22,22,22,22,22,22,22,rikitea,51.0,PF,1579730625,77.0,-23.12,-134.97,78.656,7.8400000000000025
23,23,23,23,23,23,23,23,23,23,23,23,23,23,23,23,23,23,23,ushuaia,75.0,AR,1579730487,50.0,-54.8,-68.3,53.59999999999997,1.2800000000000002
24,24,24,24,24,24,24,24,24,24,24,24,24,24,24,24,24,24,24,gannan,100.0,CN,1579730700,95.0,47.91,123.5,4.4419999999999495,3.728
25,25,25,25,25,25,25,25,25,25,25,25,25,25,25,25,25,25,25,clyde river,75.0,CA,1579730629,76.0,70.47,-68.59,-9.399999999999975,5.7600000000000025
26,26,26,26,26,26,26,26,26,26,26,26,26,26,26,26,26,26,26,roma,1.0,US,1579730620,88.0,43.21,-75.46,33.799999999999955,3.3600000000000003
27,27,27,27,27,27,27,27,27,27,27,27,27,27,27,27,27,27,27,tasiilaq,44.0,GL,1579730623,73.0,65.61,-37.64,19.399999999999977,11.52
28,28,28,28,28,28,28,28,28,28,28,28,28,28,28,28,28,28,28,sao filipe,32.0,CV,1579730701,75.0,14.9,-24.5,71.40199999999999,4.544
29,29,29,29,29,29,29,29,29,29,29,29,29,29,29,29,29,29,29,carnarvon,0.0,AU,1579730437,73.0,-24.87,113.63,69.80000000000001,13.92
30,30,30,30,30,30,30,30,30,30,30,30,30,30,30,30,30,30,30,nsanje,100.0,MW,1579730702,96.0,-16.92,35.26,68.79199999999997,2.224
31,31,31,31,31,31,31,31,31,31,31,31,31,31,31,31,31,31,31,katsuura,75.0,JP,1579730703,70.0,35.13,140.3,44.59999999999997,3.3600000000000003
32,32,32,32,32,32,32,32,32,32,32,32,32,32,32,32,32,32,32,abu dhabi,0.0,AE,1579730664,82.0,24.47,54.37,66.19999999999999,3.3600000000000003
33,33,33,33,33,33,33,33,33,33,33,33,33,33,33,33,33,33,33,maragogi,97.0,BR,1579730511,80.0,-9.01,-35.22,82.05799999999994,12.528
34,34,34,34,34,34,34,34,34,34,34,34,34,34,34,34,34,34,34,bluff,94.0,NZ,1579730704,77.0,-46.6,168.33,62.00600000000003,7.872000000000001
35,35,35,35,35,35,35,35,35,35,35,35,35,35,35,35,35,35,35,salina,90.0,US,1579730486,86.0,38.84,-97.61,37.39999999999998,9.920000000000002
36,36,36,36,36,36,36,36,36,36,36,36,36,36,36,36,36,36,36,pisco,90.0,PE,1579730704,30.0,-13.7,-76.22,73.00399999999995,2.4000000000000004
37,37,37,37,37,37,37,37,37,37,37,37,37,37,37,37,37,37,37,guliston,0.0,UZ,1579730705,83.0,40.49,68.78,30.829999999999984,3.616
38,38,38,38,38,38,38,38,38,38,38,38,38,38,38,38,38,38,38,kaitangata,67.0,NZ,1579730705,86.0,-46.28,169.85,57.75799999999998,7.3439999999999985
39,39,39,39,39,39,39,39,39,39,39,39,39,39,39,39,39,39,39,cabo san lucas,40.0,MX,1579730613,57.0,22.89,-109.91,78.99799999999998,7.3599999999999985
40,40,40,40,40,40,40,40,40,40,40,40,40,40,40,40,40,40,40,antofagasta,80.0,CL,1579730532,53.0,-23.65,-70.4,76.99999999999993,5.7600000000000025
41,41,41,41,41,41,41,41,41,41,41,41,41,41,41,41,41,41,41,tiznit,44.0,MA,1579730706,78.0,29.58,-9.5,49.153999999999996,2.144
42,42,42,42,42,42,42,42,42,42,42,42,42,42,42,42,42,42,42,gorontalo,99.0,ID,1579730706,92.0,0.54,123.06,71.69,2.5760000000000005
43,43,43,43,43,43,43,43,43,43,43,43,43,43,43,43,43,43,43,pytalovo,82.0,RU,1579730707,65.0,57.07,27.91,30.30799999999993,9.472
44,44,44,44,44,44,44,44,44,44,44,44,44,44,44,44,44,44,44,outjo,0.0,,1579730466,33.0,-20.12,16.15,76.99999999999993,2.4000000000000004
45,45,45,45,45,45,45,45,45,45,45,45,45,45,45,45,45,45,45,anadyr,84.0,RU,1579730707,67.0,64.75,177.48,-27.00400000000002,3.2
46,46,46,46,46,46,46,46,46,46,46,46,46,46,46,46,46,46,46,luderitz,0.0,,1579730708,73.0,-26.65,15.16,69.80000000000001,2.4000000000000004
47,47,47,47,47,47,47,47,47,47,47,47,47,47,47,47,47,47,47,hasaki,75.0,JP,1579730708,86.0,35.73,140.83,37.39999999999998,1.6
48,48,48,48,48,48,48,48,48,48,48,48,48,48,48,48,48,48,48,san quintin,0.0,MX,1579730709,71.0,30.48,-115.95,61.141999999999996,11.424
49,49,49,49,49,49,49,49,49,49,49,49,49,49,49,49,49,49,49,bay roberts,90.0,CA,1579730709,73.0,47.6,-53.26,22.999999999999947,4.960000000000001
50,50,50,50,50,50,50,50,50,50,50,50,50,50,50,50,50,50,50,hermanus,0.0,ZA,1579730709,87.0,-34.42,19.23,71.00600000000003,6.432
51,51,51,51,51,51,51,51,51,51,51,51,51,51,51,51,51,51,51,saquarema,20.0,BR,1579730710,78.0,-22.92,-42.51,78.80000000000003,7.3599999999999985
52,52,52,52,52,52,52,52,52,52,52,52,52,52,52,52,52,52,52,lompoc,1.0,US,1579730459,59.0,34.64,-120.46,71.00600000000003,9.12
53,53,53,53,53,53,53,53,53,53,53,53,53,53,53,53,53,53,53,coihaique,40.0,CL,1579730710,38.0,-45.58,-72.07,76.99999999999993,6.56
54,54,54,54,54,54,54,54,54,54,54,54,54,54,54,54,54,54,54,ponta do sol,20.0,PT,1579730596,54.0,32.67,-17.1,58.999999999999936,5.7600000000000025
55,55,55,55,55,55,55,55,55,55,55,55,55,55,55,55,55,55,55,chuy,0.0,UY,1579730615,65.0,-33.7,-53.46,76.01000000000005,9.824
56,56,56,56,56,56,56,56,56,56,56,56,56,56,56,56,56,56,56,nanzhang,46.0,CN,1579730712,83.0,31.78,111.84,39.829999999999984,3.344
57,57,57,57,57,57,57,57,57,57,57,57,57,57,57,57,57,57,57,hami,55.0,CN,1579730529,83.0,42.8,93.45,7.465999999999951,0.8
58,58,58,58,58,58,58,58,58,58,58,58,58,58,58,58,58,58,58,port lincoln,77.0,AU,1579730713,58.0,-34.73,135.87,60.512,14.832
59,59,59,59,59,59,59,59,59,59,59,59,59,59,59,59,59,59,59,balta,64.0,UA,1579730713,86.0,47.94,29.62,33.98000000000002,14.624000000000002
60,60,60,60,60,60,60,60,60,60,60,60,60,60,60,60,60,60,60,banda aceh,0.0,ID,1579730713,91.0,5.56,95.32,72.64400000000006,3.264
61,61,61,61,61,61,61,61,61,61,61,61,61,61,61,61,61,61,61,cao bang,100.0,VN,1579730714,97.0,22.67,106.25,63.89600000000002,1.056
62,62,62,62,62,62,62,62,62,62,62,62,62,62,62,62,62,62,62,san antonio,90.0,US,1579730629,100.0,29.42,-98.49,60.80000000000001,3.3600000000000003
63,63,63,63,63,63,63,63,63,63,63,63,63,63,63,63,63,63,63,hirara,75.0,JP,1579730714,88.0,24.8,125.28,67.99999999999993,3.3600000000000003
64,64,64,64,64,64,64,64,64,64,64,64,64,64,64,64,64,64,64,lata,75.0,PT,1579730714,87.0,40.16,-8.33,49.999999999999936,4.16
65,65,65,65,65,65,65,65,65,65,65,65,65,65,65,65,65,65,65,wanaka,0.0,NZ,1579730715,70.0,-44.7,169.15,58.28000000000003,3.664
66,66,66,66,66,66,66,66,66,66,66,66,66,66,66,66,66,66,66,atuona,0.0,PF,1579730715,74.0,-9.8,-139.03,80.81599999999997,9.104
67,67,67,67,67,67,67,67,67,67,67,67,67,67,67,67,67,67,67,cajamar,75.0,BR,1579730715,83.0,-23.35,-46.88,76.99999999999993,5.7600000000000025
68,68,68,68,68,68,68,68,68,68,68,68,68,68,68,68,68,68,68,pazaric,0.0,BA,1579730581,100.0,43.79,18.16,26.599999999999966,0.8
69,69,69,69,69,69,69,69,69,69,69,69,69,69,69,69,69,69,69,uttukkuli,20.0,IN,1579730716,73.0,11.17,77.43,75.19999999999997,4.16
70,70,70,70,70,70,70,70,70,70,70,70,70,70,70,70,70,70,70,yar-sale,100.0,RU,1579730716,93.0,66.83,70.83,3.038000000000012,12.592
71,71,71,71,71,71,71,71,71,71,71,71,71,71,71,71,71,71,71,yellowknife,90.0,CA,1579730623,84.0,62.46,-114.35,1.3999999999999773,7.3599999999999985
72,72,72,72,72,72,72,72,72,72,72,72,72,72,72,72,72,72,72,suleja,0.0,NG,1579730717,12.0,9.18,7.18,81.66199999999998,3.776
73,73,73,73,73,73,73,73,73,73,73,73,73,73,73,73,73,73,73,jishou,100.0,CN,1579730717,96.0,28.32,109.72,40.65799999999996,2.688
74,74,74,74,74,74,74,74,74,74,74,74,74,74,74,74,74,74,74,manggar,0.0,ID,1579730718,76.0,-2.88,108.27,81.93199999999995,6.2879999999999985
75,75,75,75,75,75,75,75,75,75,75,75,75,75,75,75,75,75,75,sao felix do xingu,100.0,BR,1579730718,96.0,-6.64,-51.99,78.27800000000008,1.1840000000000002
76,76,76,76,76,76,76,76,76,76,76,76,76,76,76,76,76,76,76,longyearbyen,0.0,SJ,1579730638,64.0,78.22,15.64,-2.1999999999999886,11.52
77,77,77,77,77,77,77,77,77,77,77,77,77,77,77,77,77,77,77,nantucket,1.0,US,1579730719,50.0,41.28,-70.1,33.799999999999955,4.16
78,78,78,78,78,78,78,78,78,78,78,78,78,78,78,78,78,78,78,shu,99.0,KZ,1579730719,71.0,43.6,73.76,30.991999999999962,3.5840000000000005
79,79,79,79,79,79,79,79,79,79,79,79,79,79,79,79,79,79,79,marienburg,0.0,PL,1579730719,100.0,54.04,19.03,37.004000000000026,0.8
80,80,80,80,80,80,80,80,80,80,80,80,80,80,80,80,80,80,80,rundu,100.0,,1579730719,50.0,-17.93,19.77,78.80000000000003,1.6
81,81,81,81,81,81,81,81,81,81,81,81,81,81,81,81,81,81,81,avarua,100.0,CK,1579730720,94.0,-21.21,-159.78,76.99999999999993,4.16
82,82,82,82,82,82,82,82,82,82,82,82,82,82,82,82,82,82,82,jamestown,1.0,US,1579730502,46.0,42.1,-79.24,33.799999999999955,4.960000000000001
83,83,83,83,83,83,83,83,83,83,83,83,83,83,83,83,83,83,83,ahipara,100.0,NZ,1579730721,69.0,-35.17,173.17,65.57,3.504
84,84,84,84,84,84,84,84,84,84,84,84,84,84,84,84,84,84,84,mahebourg,75.0,MU,1579730721,94.0,-20.41,57.7,78.99799999999998,0.6559999999999999
85,85,85,85,85,85,85,85,85,85,85,85,85,85,85,85,85,85,85,guangyuan,96.0,CN,1579730721,84.0,32.44,105.82,44.00599999999997,3.504
86,86,86,86,86,86,86,86,86,86,86,86,86,86,86,86,86,86,86,joshimath,0.0,IN,1579730722,48.0,30.57,79.57,20.210000000000036,8.096
87,87,87,87,87,87,87,87,87,87,87,87,87,87,87,87,87,87,87,marzuq,0.0,YE,1579730722,86.0,14.4,46.47,57.07400000000001,3.696
88,88,88,88,88,88,88,88,88,88,88,88,88,88,88,88,88,88,88,hithadhoo,14.0,MV,1579730722,80.0,-0.6,73.08,83.57,13.168
89,89,89,89,89,89,89,89,89,89,89,89,89,89,89,89,89,89,89,bengkulu,99.0,ID,1579730723,96.0,-3.8,102.27,73.57999999999998,2.3040000000000003
90,90,90,90,90,90,90,90,90,90,90,90,90,90,90,90,90,90,90,popondetta,80.0,PG,1579730723,91.0,-8.75,148.25,74.51600000000002,2.4320000000000004
91,91,91,91,91,91,91,91,91,91,91,91,91,91,91,91,91,91,91,samokov,0.0,BG,1579730584,79.0,42.33,23.55,26.99599999999998,3.3600000000000003
92,92,92,92,92,92,92,92,92,92,92,92,92,92,92,92,92,92,92,kapaa,20.0,US,1579730724,78.0,22.08,-159.32,78.99799999999998,4.960000000000001
93,93,93,93,93,93,93,93,93,93,93,93,93,93,93,93,93,93,93,arraial do cabo,20.0,BR,1579730724,83.0,-22.97,-42.03,78.80000000000003,6.56
94,94,94,94,94,94,94,94,94,94,94,94,94,94,94,94,94,94,94,souillac,75.0,MU,1579730724,94.0,-20.52,57.52,78.99799999999998,0.6559999999999999
95,95,95,95,95,95,95,95,95,95,95,95,95,95,95,95,95,95,95,sola,83.0,VU,1579730725,71.0,-13.88,167.55,81.13999999999993,10.688
96,96,96,96,96,96,96,96,96,96,96,96,96,96,96,96,96,96,96,barrow,75.0,US,1579730725,77.0,71.29,-156.79,-2.1999999999999886,7.3599999999999985
97,97,97,97,97,97,97,97,97,97,97,97,97,97,97,97,97,97,97,dali,0.0,CN,1579730725,82.0,25.7,100.18,32.95400000000001,2.3680000000000003
98,98,98,98,98,98,98,98,98,98,98,98,98,98,98,98,98,98,98,lasa,5.0,IT,1579730726,58.0,46.62,10.7,35.99599999999997,3.3600000000000003
99,99,99,99,99,99,99,99,99,99,99,99,99,99,99,99,99,99,99,novochernorechenskiy,100.0,RU,1579730727,89.0,56.27,91.08,7.213999999999999,5.104
100,100,100,100,100,100,100,100,100,100,100,100,100,100,100,100,100,100,100,ossora,0.0,RU,1579730727,80.0,59.24,163.07,-10.479999999999961,2.64
101,101,101,101,101,101,101,101,101,101,101,101,101,101,101,101,101,101,101,sabinas hidalgo,100.0,MX,1579730727,58.0,26.5,-100.17,67.6760000000001,2.256
102,102,102,102,102,102,102,102,102,102,102,102,102,102,102,102,102,102,102,severo-kurilsk,100.0,RU,1579730728,89.0,50.68,156.12,16.628000000000046,9.888
103,103,103,103,103,103,103,103,103,103,103,103,103,103,103,103,103,103,103,kamenka,100.0,RU,1579730728,96.0,51.32,42.77,31.999999999999947,1.4240000000000002
104,104,104,104,104,104,104,104,104,104,104,104,104,104,104,104,104,104,104,cocorit,5.0,MX,1579730729,36.0,27.58,-109.97,78.80000000000003,8.16
105,105,105,105,105,105,105,105,105,105,105,105,105,105,105,105,105,105,105,talnakh,75.0,RU,1579730621,83.0,69.49,88.4,-7.600000000000023,17.6
106,106,106,106,106,106,106,106,106,106,106,106,106,106,106,106,106,106,106,college,75.0,US,1579730729,76.0,64.86,-147.8,-5.998000000000047,0.6240000000000001
107,107,107,107,107,107,107,107,107,107,107,107,107,107,107,107,107,107,107,te anau,13.0,NZ,1579730730,87.0,-45.42,167.72,57.11000000000006,5.120000000000001
108,108,108,108,108,108,108,108,108,108,108,108,108,108,108,108,108,108,108,tuktoyaktuk,75.0,CA,1579730594,75.0,69.45,-133.04,-13.0,5.7600000000000025
109,109,109,109,109,109,109,109,109,109,109,109,109,109,109,109,109,109,109,coahuayana,40.0,MX,1579730730,61.0,18.73,-103.68,80.59999999999997,4.432
110,110,110,110,110,110,110,110,110,110,110,110,110,110,110,110,110,110,110,zhetysay,0.0,KZ,1579730730,82.0,40.73,68.3,31.154,3.792
111,111,111,111,111,111,111,111,111,111,111,111,111,111,111,111,111,111,111,sorland,75.0,NO,1579730731,80.0,67.67,12.69,33.799999999999955,3.3600000000000003
112,112,112,112,112,112,112,112,112,112,112,112,112,112,112,112,112,112,112,hue,40.0,VN,1579730731,94.0,16.47,107.6,67.99999999999993,1.6
113,113,113,113,113,113,113,113,113,113,113,113,113,113,113,113,113,113,113,airai,45.0,TL,1579730626,81.0,-8.93,125.41,67.17199999999997,2.4320000000000004
114,114,114,114,114,114,114,114,114,114,114,114,114,114,114,114,114,114,114,yumen,55.0,CN,1579730631,65.0,40.28,97.2,14.072000000000005,0.8480000000000001
115,115,115,115,115,115,115,115,115,115,115,115,115,115,115,115,115,115,115,victoria,40.0,HK,1579730732,83.0,22.29,114.16,71.00600000000003,3.3600000000000003
116,116,116,116,116,116,116,116,116,116,116,116,116,116,116,116,116,116,116,hobart,75.0,AU,1579730733,87.0,-42.88,147.33,57.991999999999905,7.3599999999999985
117,117,117,117,117,117,117,117,117,117,117,117,117,117,117,117,117,117,117,buin,0.0,CL,1579730733,33.0,-33.73,-70.75,85.99999999999994,6.56
118,118,118,118,118,118,118,118,118,118,118,118,118,118,118,118,118,118,118,kavieng,0.0,PG,1579730733,77.0,-2.57,150.8,83.084,7.968000000000001
119,119,119,119,119,119,119,119,119,119,119,119,119,119,119,119,119,119,119,moses lake,90.0,US,1579730734,86.0,47.13,-119.28,42.00799999999997,3.3600000000000003
120,120,120,120,120,120,120,120,120,120,120,120,120,120,120,120,120,120,120,hanzhong,100.0,CN,1579730734,68.0,33.07,107.03,40.082,1.6800000000000002
121,121,121,121,121,121,121,121,121,121,121,121,121,121,121,121,121,121,121,gat,75.0,IL,1579730734,87.0,31.61,34.76,49.999999999999936,4.960000000000001
122,122,122,122,122,122,122,122,122,122,122,122,122,122,122,122,122,122,122,khatanga,77.0,RU,1579730735,86.0,71.97,102.5,-34.024,5.920000000000001
123,123,123,123,123,123,123,123,123,123,123,123,123,123,123,123,123,123,123,luanda,75.0,AO,1579730735,78.0,-8.84,13.23,82.39999999999992,7.3599999999999985
124,124,124,124,124,124,124,124,124,124,124,124,124,124,124,124,124,124,124,waipawa,0.0,NZ,1579730736,73.0,-41.41,175.52,69.80000000000001,17.28
125,125,125,125,125,125,125,125,125,125,125,125,125,125,125,125,125,125,125,solnechnyy,0.0,RU,1579730736,92.0,50.72,136.63,-8.06800000000004,0.784
126,126,126,126,126,126,126,126,126,126,126,126,126,126,126,126,126,126,126,pastos bons,44.0,BR,1579730736,91.0,-6.6,-44.08,76.118,1.568
127,127,127,127,127,127,127,127,127,127,127,127,127,127,127,127,127,127,127,vestmanna,100.0,FO,1579730737,93.0,62.16,-7.17,46.399999999999984,5.7600000000000025
128,128,128,128,128,128,128,128,128,128,128,128,128,128,128,128,128,128,128,marawi,95.0,PH,1579730630,95.0,8.0,124.29,73.9940000000001,2.144
129,129,129,129,129,129,129,129,129,129,129,129,129,129,129,129,129,129,129,bac lieu,0.0,VN,1579730669,93.0,9.29,105.72,72.19400000000002,5.2
130,130,130,130,130,130,130,130,130,130,130,130,130,130,130,130,130,130,130,zadar,13.0,HR,1579730737,100.0,44.12,15.24,37.994000000000035,2.4000000000000004
131,131,131,131,131,131,131,131,131,131,131,131,131,131,131,131,131,131,131,atbasar,100.0,KZ,1579730677,92.0,51.8,68.33,23.97199999999998,17.984
132,132,132,132,132,132,132,132,132,132,132,132,132,132,132,132,132,132,132,tripoli,33.0,LY,1579730738,65.0,32.88,13.19,60.02600000000001,16.848
133,133,133,133,133,133,133,133,133,133,133,133,133,133,133,133,133,133,133,parkes,49.0,AU,1579730739,36.0,-33.13,148.18,87.99799999999998,2.144
134,134,134,134,134,134,134,134,134,134,134,134,134,134,134,134,134,134,134,hearst,100.0,CA,1579730451,81.0,49.68,-83.67,29.588000000000022,9.136000000000001
135,135,135,135,135,135,135,135,135,135,135,135,135,135,135,135,135,135,135,nicoya,96.0,CR,1579730740,45.0,10.15,-85.45,87.80000000000004,5.7600000000000025
136,136,136,136,136,136,136,136,136,136,136,136,136,136,136,136,136,136,136,vaini,75.0,TO,1579730740,88.0,-21.2,-175.2,78.80000000000003,1.6
137,137,137,137,137,137,137,137,137,137,137,137,137,137,137,137,137,137,137,bonthe,100.0,SL,1579730740,80.0,7.53,-12.51,80.85200000000003,5.024000000000001
138,138,138,138,138,138,138,138,138,138,138,138,138,138,138,138,138,138,138,manoel urbano,99.0,BR,1579730740,59.0,-8.84,-69.26,89.38399999999996,2.4960000000000004
139,139,139,139,139,139,139,139,139,139,139,139,139,139,139,139,139,139,139,shimoda,100.0,JP,1579730741,87.0,34.67,138.95,48.00200000000001,8.336
140,140,140,140,140,140,140,140,140,140,140,140,140,140,140,140,140,140,140,lake city,90.0,US,1579730741,43.0,30.19,-82.64,58.999999999999936,4.960000000000001
141,141,141,141,141,141,141,141,141,141,141,141,141,141,141,141,141,141,141,reo,100.0,BF,1579730742,20.0,12.32,-2.47,82.76000000000005,6.848000000000001
142,142,142,142,142,142,142,142,142,142,142,142,142,142,142,142,142,142,142,nokaneng,74.0,BW,1579730742,37.0,-19.67,22.27,82.84999999999997,3.664
143,143,143,143,143,143,143,143,143,143,143,143,143,143,143,143,143,143,143,saldanha,1.0,ZA,1579730742,56.0,-33.01,17.94,71.59999999999997,2.4000000000000004
144,144,144,144,144,144,144,144,144,144,144,144,144,144,144,144,144,144,144,castro,100.0,BR,1579730743,85.0,-24.79,-50.01,59.41400000000005,6.88
145,145,145,145,145,145,145,145,145,145,145,145,145,145,145,145,145,145,145,chistogorskiy,100.0,RU,1579730743,90.0,53.98,87.38,21.073999999999952,6.144
146,146,146,146,146,146,146,146,146,146,146,146,146,146,146,146,146,146,146,fortuna,90.0,US,1579730743,58.0,40.6,-124.16,58.999999999999936,5.7600000000000025
147,147,147,147,147,147,147,147,147,147,147,147,147,147,147,147,147,147,147,port alfred,100.0,ZA,1579730744,97.0,-33.59,26.89,62.00600000000003,1.4240000000000002
148,148,148,148,148,148,148,148,148,148,148,148,148,148,148,148,148,148,148,okhotsk,0.0,RU,1579730744,70.0,59.38,143.3,-22.18000000000001,4.6240000000000006
149,149,149,149,149,149,149,149,149,149,149,149,149,149,149,149,149,149,149,tiksi,92.0,RU,1579730744,86.0,71.69,128.87,-26.841999999999985,3.84
150,150,150,150,150,150,150,150,150,150,150,150,150,150,150,150,150,150,150,cidreira,100.0,BR,1579730485,80.0,-30.18,-50.21,72.08600000000007,12.08
151,151,151,151,151,151,151,151,151,151,151,151,151,151,151,151,151,151,151,saint-augustin,95.0,CA,1579730745,91.0,51.23,-58.65,19.436000000000035,5.68
152,152,152,152,152,152,152,152,152,152,152,152,152,152,152,152,152,152,152,koulamoutou,89.0,GA,1579730745,74.0,-1.13,12.47,76.42399999999992,2.9440000000000004
153,153,153,153,153,153,153,153,153,153,153,153,153,153,153,153,153,153,153,taoudenni,100.0,ML,1579730745,21.0,22.68,-3.98,70.55599999999998,5.167999999999998
154,154,154,154,154,154,154,154,154,154,154,154,154,154,154,154,154,154,154,sakakah,0.0,SA,1579730746,75.0,29.97,40.21,40.999999999999936,5.7600000000000025
155,155,155,155,155,155,155,155,155,155,155,155,155,155,155,155,155,155,155,port elizabeth,95.0,ZA,1579730746,83.0,-33.92,25.57,65.60599999999994,3.7439999999999998
156,156,156,156,156,156,156,156,156,156,156,156,156,156,156,156,156,156,156,dharchula,0.0,IN,1579730746,43.0,29.85,80.53,23.233999999999924,8.592
157,157,157,157,157,157,157,157,157,157,157,157,157,157,157,157,157,157,157,le moule,90.0,GP,1579730747,73.0,16.33,-61.35,76.99999999999993,5.7600000000000025
158,158,158,158,158,158,158,158,158,158,158,158,158,158,158,158,158,158,158,wageningen,90.0,NL,1579730747,100.0,51.97,5.67,44.99599999999998,2.688
159,159,159,159,159,159,159,159,159,159,159,159,159,159,159,159,159,159,159,seminole,90.0,US,1579730479,87.0,28.71,-81.21,57.19999999999999,12.32
160,160,160,160,160,160,160,160,160,160,160,160,160,160,160,160,160,160,160,lebu,0.0,CL,1579730748,46.0,-37.62,-73.65,72.48200000000003,6.224
161,161,161,161,161,161,161,161,161,161,161,161,161,161,161,161,161,161,161,butaritari,51.0,KI,1579730748,61.0,3.07,172.79,84.68599999999998,1.328
162,162,162,162,162,162,162,162,162,162,162,162,162,162,162,162,162,162,162,ancud,94.0,CL,1579730748,49.0,-41.87,-73.82,73.39999999999992,9.920000000000002
163,163,163,163,163,163,163,163,163,163,163,163,163,163,163,163,163,163,163,vostok,26.0,RU,1579730748,96.0,46.49,135.88,-5.475999999999999,3.312
164,164,164,164,164,164,164,164,164,164,164,164,164,164,164,164,164,164,164,verkhoyansk,100.0,RU,1579730749,97.0,67.54,133.38,-26.392,1.328
165,165,165,165,165,165,165,165,165,165,165,165,165,165,165,165,165,165,165,nome,90.0,US,1579730558,84.0,64.5,-165.41,6.7999999999999545,3.648
166,166,166,166,166,166,166,166,166,166,166,166,166,166,166,166,166,166,166,vila velha,90.0,BR,1579730746,94.0,-20.33,-40.29,76.99999999999993,5.7600000000000025
167,167,167,167,167,167,167,167,167,167,167,167,167,167,167,167,167,167,167,harnai,0.0,PK,1579730750,57.0,30.1,67.94,47.35399999999999,1.4080000000000001
168,168,168,168,168,168,168,168,168,168,168,168,168,168,168,168,168,168,168,carutapera,84.0,BR,1579730675,81.0,-1.2,-46.02,81.58999999999997,13.568
169,169,169,169,169,169,169,169,169,169,169,169,169,169,169,169,169,169,169,narsaq,75.0,GL,1579730750,62.0,60.92,-46.05,19.399999999999977,9.12
170,170,170,170,170,170,170,170,170,170,170,170,170,170,170,170,170,170,170,komsomolskiy,90.0,UZ,1579730751,86.0,40.43,71.72,31.999999999999947,1.6
171,171,171,171,171,171,171,171,171,171,171,171,171,171,171,171,171,171,171,margate,90.0,GB,1579730751,100.0,51.38,1.39,44.99599999999998,4.864000000000001
172,172,172,172,172,172,172,172,172,172,172,172,172,172,172,172,172,172,172,hilo,20.0,US,1579730751,51.0,19.73,-155.09,80.59999999999997,5.7600000000000025
173,173,173,173,173,173,173,173,173,173,173,173,173,173,173,173,173,173,173,arica,90.0,CL,1579730752,65.0,-18.48,-70.3,76.99999999999993,3.3600000000000003
174,174,174,174,174,174,174,174,174,174,174,174,174,174,174,174,174,174,174,thessalon,90.0,CA,1579730752,74.0,46.25,-83.57,35.599999999999966,7.3599999999999985
175,175,175,175,175,175,175,175,175,175,175,175,175,175,175,175,175,175,175,kruisfontein,99.0,ZA,1579730752,89.0,-34.0,24.73,61.57400000000001,4.7200000000000015
176,176,176,176,176,176,176,176,176,176,176,176,176,176,176,176,176,176,176,garden city,1.0,US,1579730752,80.0,42.33,-83.33,31.999999999999947,4.960000000000001
177,177,177,177,177,177,177,177,177,177,177,177,177,177,177,177,177,177,177,isabela,75.0,PH,1579730753,83.0,6.71,121.97,73.39999999999992,0.8
178,178,178,178,178,178,178,178,178,178,178,178,178,178,178,178,178,178,178,hofn,38.0,IS,1579730753,66.0,64.25,-15.21,43.16000000000002,34.72
179,179,179,179,179,179,179,179,179,179,179,179,179,179,179,179,179,179,179,puerto narino,40.0,CO,1579730754,63.0,-3.77,-70.38,93.2,3.3600000000000003
180,180,180,180,180,180,180,180,180,180,180,180,180,180,180,180,180,180,180,aykhal,0.0,RU,1579730754,65.0,66.0,111.5,-36.39999999999998,1.6
181,181,181,181,181,181,181,181,181,181,181,181,181,181,181,181,181,181,181,praya,100.0,CV,1579730662,73.0,14.92,-23.51,73.39999999999992,9.12
182,182,182,182,182,182,182,182,182,182,182,182,182,182,182,182,182,182,182,kushiro,24.0,JP,1579730755,89.0,42.98,144.37,27.78800000000001,4.24
183,183,183,183,183,183,183,183,183,183,183,183,183,183,183,183,183,183,183,praia da vitoria,75.0,PT,1579730755,71.0,38.73,-27.07,57.19999999999999,12.64
184,184,184,184,184,184,184,184,184,184,184,184,184,184,184,184,184,184,184,domoni,92.0,KM,1579730756,78.0,-12.26,44.53,82.29199999999997,13.264
185,185,185,185,185,185,185,185,185,185,185,185,185,185,185,185,185,185,185,cukai,0.0,MY,1579730756,83.0,4.25,103.42,80.59999999999997,4.16
186,186,186,186,186,186,186,186,186,186,186,186,186,186,186,186,186,186,186,le port,100.0,RE,1579730757,94.0,-20.94,55.29,78.80000000000003,2.4000000000000004
187,187,187,187,187,187,187,187,187,187,187,187,187,187,187,187,187,187,187,kununurra,97.0,AU,1579730757,88.0,-15.77,128.73,80.59999999999997,1.6
188,188,188,188,188,188,188,188,188,188,188,188,188,188,188,188,188,188,188,hays,90.0,US,1579730757,100.0,30.05,-98.03,57.991999999999905,5.7600000000000025
189,189,189,189,189,189,189,189,189,189,189,189,189,189,189,189,189,189,189,santa isabel do rio negro,83.0,BR,1579730757,63.0,-0.41,-65.02,88.77199999999998,1.328
190,190,190,190,190,190,190,190,190,190,190,190,190,190,190,190,190,190,190,qaanaaq,21.0,GL,1579730758,52.0,77.48,-69.36,-11.038000000000013,5.7280000000000015
191,191,191,191,191,191,191,191,191,191,191,191,191,191,191,191,191,191,191,male,75.0,MV,1579730734,83.0,4.17,73.51,84.19999999999997,15.68
192,192,192,192,192,192,192,192,192,192,192,192,192,192,192,192,192,192,192,iquitos,29.0,PE,1579730758,59.0,-3.75,-73.25,93.2,3.3600000000000003
193,193,193,193,193,193,193,193,193,193,193,193,193,193,193,193,193,193,193,lagoa,100.0,PT,1579730759,67.0,39.05,-27.98,58.06400000000002,13.12
194,194,194,194,194,194,194,194,194,194,194,194,194,194,194,194,194,194,194,pacifica,1.0,US,1579730759,76.0,37.61,-122.49,62.99600000000004,5.7600000000000025
195,195,195,195,195,195,195,195,195,195,195,195,195,195,195,195,195,195,195,alofi,75.0,NU,1579730760,66.0,-19.06,-169.92,84.19999999999997,4.16
196,196,196,196,196,196,196,196,196,196,196,196,196,196,196,196,196,196,196,sao joao da barra,40.0,BR,1579730760,74.0,-21.64,-41.05,80.59999999999997,9.920000000000002
197,197,197,197,197,197,197,197,197,197,197,197,197,197,197,197,197,197,197,faanui,100.0,PF,1579730461,76.0,-16.48,-151.75,82.57999999999998,10.544
198,198,198,198,198,198,198,198,198,198,198,198,198,198,198,198,198,198,198,ust-nera,100.0,RU,1579730628,99.0,64.57,143.2,-33.80799999999999,1.4400000000000002
199,199,199,199,199,199,199,199,199,199,199,199,199,199,199,199,199,199,199,bombay,68.0,IN,1579730481,61.0,19.01,72.85,76.99999999999993,2.4000000000000004
200,200,200,200,200,200,200,200,200,200,200,200,200,200,200,200,200,200,200,maltahohe,0.0,,1579730761,31.0,-24.83,16.98,67.09999999999997,7.504000000000001
201,201,201,201,201,201,201,201,201,201,201,201,201,201,201,201,201,201,201,vallenar,71.0,CL,1579730761,46.0,-28.57,-70.76,74.28199999999998,7.7920000000000025
202,202,202,202,202,202,202,202,202,202,202,202,202,202,202,202,202,202,202,presidencia roque saenz pena,38.0,AR,1579730762,72.0,-26.79,-60.44,83.60599999999994,6.752000000000002
203,203,203,203,203,203,203,203,203,203,203,203,203,203,203,203,203,203,203,katobu,97.0,ID,1579730762,91.0,-4.94,122.53,75.54199999999997,1.888
204,204,204,204,204,204,204,204,204,204,204,204,204,204,204,204,204,204,204,yulara,25.0,AU,1579730763,36.0,-25.24,130.99,78.80000000000003,9.920000000000002
205,205,205,205,205,205,205,205,205,205,205,205,205,205,205,205,205,205,205,hlukhiv,100.0,UA,1579730763,80.0,51.68,33.92,32.08999999999997,11.712000000000002
206,206,206,206,206,206,206,206,206,206,206,206,206,206,206,206,206,206,206,iqaluit,40.0,CA,1579730763,75.0,63.75,-68.51,-18.00400000000002,3.3600000000000003
207,207,207,207,207,207,207,207,207,207,207,207,207,207,207,207,207,207,207,sault sainte marie,90.0,CA,1579730763,86.0,46.52,-84.33,33.799999999999955,5.7600000000000025
208,208,208,208,208,208,208,208,208,208,208,208,208,208,208,208,208,208,208,nikolskoye,40.0,RU,1579730607,54.0,59.7,30.79,30.19999999999993,19.200000000000006
209,209,209,209,209,209,209,209,209,209,209,209,209,209,209,209,209,209,209,black forest,1.0,US,1579730764,16.0,39.01,-104.7,51.99799999999999,10.72
210,210,210,210,210,210,210,210,210,210,210,210,210,210,210,210,210,210,210,goodyear,1.0,US,1579730249,59.0,33.44,-112.36,66.00200000000001,3.936
211,211,211,211,211,211,211,211,211,211,211,211,211,211,211,211,211,211,211,vagur,100.0,FO,1579730765,88.0,61.47,-6.81,47.48000000000002,23.888
212,212,212,212,212,212,212,212,212,212,212,212,212,212,212,212,212,212,212,richards bay,100.0,ZA,1579730765,72.0,-28.78,32.04,75.70400000000002,6.848000000000001
213,213,213,213,213,213,213,213,213,213,213,213,213,213,213,213,213,213,213,deputatskiy,77.0,RU,1579730766,93.0,69.3,139.9,-26.17599999999999,2.9280000000000004
214,214,214,214,214,214,214,214,214,214,214,214,214,214,214,214,214,214,214,cherskiy,100.0,RU,1579730614,96.0,68.75,161.3,-31.23399999999998,4.544
215,215,215,215,215,215,215,215,215,215,215,215,215,215,215,215,215,215,215,coquimbo,40.0,CL,1579730766,68.0,-29.95,-71.34,69.80000000000001,8.16
216,216,216,216,216,216,216,216,216,216,216,216,216,216,216,216,216,216,216,lardos,20.0,GR,1579730766,54.0,36.09,28.02,57.00200000000001,1.6
217,217,217,217,217,217,217,217,217,217,217,217,217,217,217,217,217,217,217,wufeng,100.0,CN,1579730767,90.0,27.45,104.83,36.93199999999996,2.7840000000000003
218,218,218,218,218,218,218,218,218,218,218,218,218,218,218,218,218,218,218,assiniboia,100.0,CA,1579730767,89.0,49.63,-105.98,30.181999999999967,4.928000000000001
219,219,219,219,219,219,219,219,219,219,219,219,219,219,219,219,219,219,219,sao jose da coroa grande,97.0,BR,1579730767,80.0,-8.9,-35.15,82.05799999999994,12.528
220,220,220,220,220,220,220,220,220,220,220,220,220,220,220,220,220,220,220,aden,98.0,YE,1579730659,69.0,12.78,45.04,75.344,6.928000000000001
221,221,221,221,221,221,221,221,221,221,221,221,221,221,221,221,221,221,221,karratha,0.0,AU,1579730768,72.0,-20.74,116.85,84.30799999999994,11.936
222,222,222,222,222,222,222,222,222,222,222,222,222,222,222,222,222,222,222,kristianstad,0.0,SE,1579730768,64.0,56.03,14.15,35.599999999999966,3.3600000000000003
223,223,223,223,223,223,223,223,223,223,223,223,223,223,223,223,223,223,223,tabou,64.0,CI,1579730769,84.0,4.42,-7.35,78.7100000000001,2.4000000000000004
224,224,224,224,224,224,224,224,224,224,224,224,224,224,224,224,224,224,224,sidi ali,0.0,DZ,1579730769,78.0,36.1,0.42,47.48000000000002,0.8160000000000001
225,225,225,225,225,225,225,225,225,225,225,225,225,225,225,225,225,225,225,peace river,20.0,CA,1579730492,92.0,56.25,-117.29,21.199999999999925,5.7600000000000025
226,226,226,226,226,226,226,226,226,226,226,226,226,226,226,226,226,226,226,billings,40.0,US,1579730677,28.0,45.78,-108.5,48.00200000000001,16.48
227,227,227,227,227,227,227,227,227,227,227,227,227,227,227,227,227,227,227,dikson,100.0,RU,1579730770,89.0,73.51,80.55,-16.456000000000017,10.128
228,228,228,228,228,228,228,228,228,228,228,228,228,228,228,228,228,228,228,port augusta,90.0,AU,1579730768,63.0,-32.5,137.77,66.19999999999999,11.52
229,229,229,229,229,229,229,229,229,229,229,229,229,229,229,229,229,229,229,arkhara,87.0,RU,1579730770,97.0,49.42,130.08,-11.632000000000005,3.7439999999999998
230,230,230,230,230,230,230,230,230,230,230,230,230,230,230,230,230,230,230,namibe,81.0,AO,1579730771,76.0,-15.2,12.15,74.40799999999996,7.6960000000000015
231,231,231,231,231,231,231,231,231,231,231,231,231,231,231,231,231,231,231,ribeira grande,40.0,PT,1579730771,58.0,38.52,-28.7,58.999999999999936,9.920000000000002
232,232,232,232,232,232,232,232,232,232,232,232,232,232,232,232,232,232,232,canatlan,90.0,MX,1579730771,31.0,24.52,-104.78,64.39999999999992,6.56
233,233,233,233,233,233,233,233,233,233,233,233,233,233,233,233,233,233,233,mamakan,100.0,RU,1579730772,96.0,57.82,114.0,-15.48399999999998,4.832000000000002
234,234,234,234,234,234,234,234,234,234,234,234,234,234,234,234,234,234,234,aswan,0.0,EG,1579730772,46.0,24.09,32.91,49.999999999999936,8.16
235,235,235,235,235,235,235,235,235,235,235,235,235,235,235,235,235,235,235,san patricio,75.0,MX,1579730680,74.0,19.22,-104.7,85.99999999999994,8.16
236,236,236,236,236,236,236,236,236,236,236,236,236,236,236,236,236,236,236,georgetown,20.0,MY,1579730619,74.0,5.41,100.34,80.59999999999997,3.3600000000000003
237,237,237,237,237,237,237,237,237,237,237,237,237,237,237,237,237,237,237,paamiut,100.0,GL,1579730773,64.0,61.99,-49.67,19.886000000000024,9.824
238,238,238,238,238,238,238,238,238,238,238,238,238,238,238,238,238,238,238,fukagawa,75.0,JP,1579730774,92.0,43.71,142.04,21.199999999999925,4.960000000000001
239,239,239,239,239,239,239,239,239,239,239,239,239,239,239,239,239,239,239,thompson,20.0,CA,1579730631,65.0,55.74,-97.86,6.7999999999999545,6.56
240,240,240,240,240,240,240,240,240,240,240,240,240,240,240,240,240,240,240,tateyama,75.0,JP,1579730774,70.0,34.98,139.87,44.59999999999997,3.3600000000000003
241,241,241,241,241,241,241,241,241,241,241,241,241,241,241,241,241,241,241,hyeres,100.0,FR,1579730775,76.0,43.12,6.12,57.19999999999999,9.920000000000002
242,242,242,242,242,242,242,242,242,242,242,242,242,242,242,242,242,242,242,poum,32.0,NC,1579730775,74.0,-20.23,164.02,79.33999999999997,10.064
243,243,243,243,243,243,243,243,243,243,243,243,243,243,243,243,243,243,243,vardo,75.0,NO,1579730776,100.0,70.37,31.11,22.999999999999947,32.96
244,244,244,244,244,244,244,244,244,244,244,244,244,244,244,244,244,244,244,lavrentiya,100.0,RU,1579730606,90.0,65.58,-171.0,-9.436000000000037,3.728
245,245,245,245,245,245,245,245,245,245,245,245,245,245,245,245,245,245,245,valle de allende,100.0,MX,1579730776,23.0,26.93,-105.4,69.11599999999993,10.048000000000002
246,246,246,246,246,246,246,246,246,246,246,246,246,246,246,246,246,246,246,coleraine,40.0,GB,1579730777,100.0,55.13,-6.67,49.999999999999936,2.4000000000000004
247,247,247,247,247,247,247,247,247,247,247,247,247,247,247,247,247,247,247,yashkul,100.0,RU,1579730777,90.0,46.17,45.34,41.018000000000036,10.336
248,248,248,248,248,248,248,248,248,248,248,248,248,248,248,248,248,248,248,winnemucca,90.0,US,1579730777,43.0,40.97,-117.74,51.79999999999996,14.880000000000004
249,249,249,249,249,249,249,249,249,249,249,249,249,249,249,249,249,249,249,kuytun,53.0,RU,1579730778,99.0,54.34,101.5,-13.341999999999983,3.248
250,250,250,250,250,250,250,250,250,250,250,250,250,250,250,250,250,250,250,auki,0.0,SB,1579730778,71.0,-8.77,160.7,83.98399999999998,6.896
251,251,251,251,251,251,251,251,251,251,251,251,251,251,251,251,251,251,251,teguise,20.0,ES,1579730778,63.0,29.06,-13.56,62.59999999999997,4.960000000000001
252,252,252,252,252,252,252,252,252,252,252,252,252,252,252,252,252,252,252,villa sandino,75.0,NI,1579730779,69.0,12.05,-84.99,80.59999999999997,8.16
253,253,253,253,253,253,253,253,253,253,253,253,253,253,253,253,253,253,253,nikita,100.0,UA,1579730779,94.0,44.53,34.23,34.50200000000001,7.504000000000001
254,254,254,254,254,254,254,254,254,254,254,254,254,254,254,254,254,254,254,mokrous,100.0,RU,1579730779,95.0,51.23,47.52,27.30200000000001,5.7120000000000015
255,255,255,255,255,255,255,255,255,255,255,255,255,255,255,255,255,255,255,port moresby,20.0,PG,1579730780,94.0,-9.44,147.18,76.99999999999993,8.16
256,256,256,256,256,256,256,256,256,256,256,256,256,256,256,256,256,256,256,pozo colorado,89.0,PY,1579730663,59.0,-23.49,-58.8,87.4940000000001,9.184
257,257,257,257,257,257,257,257,257,257,257,257,257,257,257,257,257,257,257,daru,99.0,PG,1579730780,86.0,-9.08,143.21,75.29000000000002,2.16
258,258,258,258,258,258,258,258,258,258,258,258,258,258,258,258,258,258,258,jiquipilas,20.0,MX,1579730781,35.0,16.67,-93.65,84.19999999999997,3.3600000000000003
259,259,259,259,259,259,259,259,259,259,259,259,259,259,259,259,259,259,259,peniche,40.0,PT,1579730781,93.0,39.36,-9.38,48.99199999999996,8.16
260,260,260,260,260,260,260,260,260,260,260,260,260,260,260,260,260,260,260,chara,100.0,RU,1579730781,91.0,56.91,118.26,-17.698000000000036,2.5760000000000005
261,261,261,261,261,261,261,261,261,261,261,261,261,261,261,261,261,261,261,leshukonskoye,100.0,RU,1579730782,90.0,64.9,45.76,21.25400000000002,7.68
262,262,262,262,262,262,262,262,262,262,262,262,262,262,262,262,262,262,262,urumqi,65.0,CN,1579730782,85.0,43.8,87.6,10.399999999999975,4.800000000000002
263,263,263,263,263,263,263,263,263,263,263,263,263,263,263,263,263,263,263,lianzhou,100.0,CN,1579730782,89.0,24.78,112.38,61.79000000000002,1.7920000000000005
264,264,264,264,264,264,264,264,264,264,264,264,264,264,264,264,264,264,264,bubaque,100.0,GW,1579730782,58.0,11.28,-15.83,78.96200000000005,8.704
265,265,265,265,265,265,265,265,265,265,265,265,265,265,265,265,265,265,265,harper,64.0,LR,1579730783,84.0,4.38,-7.72,78.7100000000001,2.4000000000000004
266,266,266,266,266,266,266,266,266,266,266,266,266,266,266,266,266,266,266,ladario,20.0,BR,1579730783,66.0,-19.0,-57.6,91.39999999999992,4.960000000000001
267,267,267,267,267,267,267,267,267,267,267,267,267,267,267,267,267,267,267,norman wells,75.0,CA,1579730783,76.0,65.28,-126.83,-7.600000000000023,2.4000000000000004
268,268,268,268,268,268,268,268,268,268,268,268,268,268,268,268,268,268,268,batticaloa,99.0,LK,1579730784,95.0,7.71,81.69,73.50799999999998,1.2000000000000002
269,269,269,269,269,269,269,269,269,269,269,269,269,269,269,269,269,269,269,kodiak,1.0,US,1579730784,53.0,57.79,-152.41,26.599999999999966,8.16
270,270,270,270,270,270,270,270,270,270,270,270,270,270,270,270,270,270,270,sur,1.0,OM,1579730732,78.0,22.57,59.53,66.77600000000001,1.4400000000000002
271,271,271,271,271,271,271,271,271,271,271,271,271,271,271,271,271,271,271,necochea,8.0,AR,1579730631,89.0,-38.55,-58.74,82.00399999999995,1.4240000000000002
272,272,272,272,272,272,272,272,272,272,272,272,272,272,272,272,272,272,272,chapais,90.0,CA,1579730561,86.0,49.78,-74.85,26.599999999999966,10.72
273,273,273,273,273,273,273,273,273,273,273,273,273,273,273,273,273,273,273,turkistan,100.0,KZ,1579730786,69.0,43.0,68.0,29.731999999999967,6.016
274,274,274,274,274,274,274,274,274,274,274,274,274,274,274,274,274,274,274,sao gabriel,99.0,BR,1579730786,71.0,-30.34,-54.32,71.27600000000002,6.5120000000000005
275,275,275,275,275,275,275,275,275,275,275,275,275,275,275,275,275,275,275,estevan,1.0,CA,1579730786,79.0,49.13,-102.98,28.399999999999977,0.4
276,276,276,276,276,276,276,276,276,276,276,276,276,276,276,276,276,276,276,asyut,0.0,EG,1579730787,66.0,27.18,31.18,48.19999999999993,3.3600000000000003
277,277,277,277,277,277,277,277,277,277,277,277,277,277,277,277,277,277,277,auch,90.0,FR,1579730594,71.0,43.65,0.58,55.39999999999992,10.72
278,278,278,278,278,278,278,278,278,278,278,278,278,278,278,278,278,278,278,zhanaozen,86.0,KZ,1579730787,91.0,43.3,52.8,35.81599999999997,8.976
279,279,279,279,279,279,279,279,279,279,279,279,279,279,279,279,279,279,279,kenora,90.0,CA,1579730788,92.0,49.82,-94.43,21.199999999999925,1.6
280,280,280,280,280,280,280,280,280,280,280,280,280,280,280,280,280,280,280,torbay,90.0,CA,1579730648,73.0,47.67,-52.73,22.999999999999947,4.960000000000001
281,281,281,281,281,281,281,281,281,281,281,281,281,281,281,281,281,281,281,san cristobal,75.0,VE,1579730621,83.0,7.77,-72.22,78.80000000000003,4.960000000000001
282,282,282,282,282,282,282,282,282,282,282,282,282,282,282,282,282,282,282,pangai,20.0,TO,1579730789,74.0,-19.8,-174.35,82.39999999999992,4.16
283,283,283,283,283,283,283,283,283,283,283,283,283,283,283,283,283,283,283,buraydah,0.0,SA,1579730528,65.0,26.33,43.98,44.59999999999997,7.3599999999999985
284,284,284,284,284,284,284,284,284,284,284,284,284,284,284,284,284,284,284,labuhan,42.0,ID,1579730789,89.0,-6.88,112.21,75.81200000000007,1.904
285,285,285,285,285,285,285,285,285,285,285,285,285,285,285,285,285,285,285,bocaiuva,40.0,BR,1579730789,69.0,-17.11,-43.81,76.99999999999993,3.3600000000000003
286,286,286,286,286,286,286,286,286,286,286,286,286,286,286,286,286,286,286,westport,1.0,US,1579730790,47.0,41.14,-73.36,37.994000000000035,5.7600000000000025
287,287,287,287,287,287,287,287,287,287,287,287,287,287,287,287,287,287,287,lakatoro,26.0,VU,1579730790,88.0,-16.1,167.42,82.39999999999992,3.3600000000000003
288,288,288,288,288,288,288,288,288,288,288,288,288,288,288,288,288,288,288,san julian,0.0,MX,1579730791,30.0,21.02,-102.17,73.32800000000003,11.12
289,289,289,289,289,289,289,289,289,289,289,289,289,289,289,289,289,289,289,broome,1.0,US,1579730791,74.0,42.25,-75.83,33.99799999999999,2.4000000000000004
290,290,290,290,290,290,290,290,290,290,290,290,290,290,290,290,290,290,290,mount isa,95.0,AU,1579730791,100.0,-20.73,139.5,78.80000000000003,4.16
291,291,291,291,291,291,291,291,291,291,291,291,291,291,291,291,291,291,291,korem,99.0,ET,1579730792,96.0,12.51,39.52,53.72600000000007,3.904
292,292,292,292,292,292,292,292,292,292,292,292,292,292,292,292,292,292,292,lanja,66.0,IN,1579730792,43.0,16.85,73.55,68.89999999999992,2.3040000000000003
293,293,293,293,293,293,293,293,293,293,293,293,293,293,293,293,293,293,293,mar del plata,75.0,AR,1579730712,94.0,-38.0,-57.56,67.99999999999993,8.16
294,294,294,294,294,294,294,294,294,294,294,294,294,294,294,294,294,294,294,shirokiy,100.0,RU,1579730793,98.0,49.76,129.52,-11.884000000000016,4.032
295,295,295,295,295,295,295,295,295,295,295,295,295,295,295,295,295,295,295,steinbach,90.0,DE,1579730793,51.0,50.17,8.57,33.99799999999999,3.3600000000000003
296,296,296,296,296,296,296,296,296,296,296,296,296,296,296,296,296,296,296,samarkand,0.0,UZ,1579730793,92.0,39.65,66.96,24.799999999999947,4.960000000000001
297,297,297,297,297,297,297,297,297,297,297,297,297,297,297,297,297,297,297,provideniya,0.0,RU,1579730793,83.0,64.38,-173.3,-5.800000000000013,1.5519999999999998
298,298,298,298,298,298,298,298,298,298,298,298,298,298,298,298,298,298,298,plouzane,99.0,FR,1579730794,86.0,48.38,-4.62,42.99799999999999,10.72
299,299,299,299,299,299,299,299,299,299,299,299,299,299,299,299,299,299,299,neuquen,0.0,AR,1579730618,34.0,-38.95,-68.06,94.99999999999994,3.3600000000000003
300,300,300,300,300,300,300,300,300,300,300,300,300,300,300,300,300,300,300,barcelona,75.0,ES,1579730298,93.0,41.39,2.16,57.991999999999905,14.880000000000004
301,301,301,301,301,301,301,301,301,301,301,301,301,301,301,301,301,301,301,mogadishu,0.0,SO,1579730795,82.0,2.04,45.34,81.01399999999995,17.12
302,302,302,302,302,302,302,302,302,302,302,302,302,302,302,302,302,302,302,leua,20.0,SK,1579730580,92.0,48.22,18.61,33.00799999999998,0.8
303,303,303,303,303,303,303,303,303,303,303,303,303,303,303,303,303,303,303,grand forks,1.0,US,1579730795,92.0,47.93,-97.03,24.799999999999947,5.488
304,304,304,304,304,304,304,304,304,304,304,304,304,304,304,304,304,304,304,bali,75.0,ID,1579730796,100.0,-8.5,115.0,78.80000000000003,0.8
305,305,305,305,305,305,305,305,305,305,305,305,305,305,305,305,305,305,305,cordoba,20.0,AR,1579730727,48.0,-31.41,-64.18,89.00600000000004,4.960000000000001
306,306,306,306,306,306,306,306,306,306,306,306,306,306,306,306,306,306,306,tutoia,95.0,BR,1579730797,86.0,-2.76,-42.27,78.80000000000003,4.336
307,307,307,307,307,307,307,307,307,307,307,307,307,307,307,307,307,307,307,saint-francois,1.0,FR,1579730797,80.0,46.42,3.91,35.005999999999965,5.7600000000000025
308,308,308,308,308,308,308,308,308,308,308,308,308,308,308,308,308,308,308,saskylakh,0.0,RU,1579730797,94.0,71.92,114.08,-39.837999999999965,5.7920000000000025
309,309,309,309,309,309,309,309,309,309,309,309,309,309,309,309,309,309,309,korla,100.0,CN,1579730798,53.0,41.76,86.15,15.76400000000001,1.056
310,310,310,310,310,310,310,310,310,310,310,310,310,310,310,310,310,310,310,mayo,1.0,US,1579730798,47.0,38.89,-76.51,39.99199999999996,2.4000000000000004
311,311,311,311,311,311,311,311,311,311,311,311,311,311,311,311,311,311,311,suruc,0.0,TR,1579730798,74.0,36.98,38.42,30.19999999999993,4.960000000000001
312,312,312,312,312,312,312,312,312,312,312,312,312,312,312,312,312,312,312,alvorada,100.0,BR,1579730799,96.0,-12.48,-49.12,73.56200000000007,2.048
313,313,313,313,313,313,313,313,313,313,313,313,313,313,313,313,313,313,313,alyangula,90.0,AU,1579730799,78.0,-13.85,136.42,82.39999999999992,7.3599999999999985
314,314,314,314,314,314,314,314,314,314,314,314,314,314,314,314,314,314,314,bumbuna,100.0,SL,1579730799,64.0,9.05,-11.73,75.90199999999999,1.536
315,315,315,315,315,315,315,315,315,315,315,315,315,315,315,315,315,315,315,falun,0.0,SE,1579730800,62.0,60.6,15.63,33.00799999999998,5.7600000000000025
316,316,316,316,316,316,316,316,316,316,316,316,316,316,316,316,316,316,316,fairbanks,75.0,US,1579730589,76.0,64.84,-147.72,-5.998000000000047,0.5760000000000001
317,317,317,317,317,317,317,317,317,317,317,317,317,317,317,317,317,317,317,joinville,90.0,BR,1579730800,100.0,-26.3,-48.85,73.39999999999992,4.16
318,318,318,318,318,318,318,318,318,318,318,318,318,318,318,318,318,318,318,bollnas,16.0,SE,1579730801,65.0,61.35,16.39,30.991999999999962,2.8640000000000003
319,319,319,319,319,319,319,319,319,319,319,319,319,319,319,319,319,319,319,miandrivazo,100.0,MG,1579730801,87.0,-19.52,45.47,74.012,3.92
320,320,320,320,320,320,320,320,320,320,320,320,320,320,320,320,320,320,320,shitanjing,0.0,CN,1579730801,51.0,39.23,106.34,21.14600000000001,1.8719999999999999
321,321,321,321,321,321,321,321,321,321,321,321,321,321,321,321,321,321,321,muravlenko,100.0,RU,1579730801,91.0,63.79,74.52,3.0919999999999286,16.56
322,322,322,322,322,322,322,322,322,322,322,322,322,322,322,322,322,322,322,acajutla,0.0,SV,1579730802,50.0,13.59,-89.83,82.00399999999995,0.7200000000000001
323,323,323,323,323,323,323,323,323,323,323,323,323,323,323,323,323,323,323,lubao,75.0,PH,1579730802,78.0,14.92,120.55,78.80000000000003,4.960000000000001
324,324,324,324,324,324,324,324,324,324,324,324,324,324,324,324,324,324,324,arman,0.0,RU,1579730803,84.0,59.7,150.17,-9.723999999999991,3.7439999999999998
325,325,325,325,325,325,325,325,325,325,325,325,325,325,325,325,325,325,325,ponta delgada,75.0,PT,1579730803,82.0,37.73,-25.67,55.39999999999992,11.52
326,326,326,326,326,326,326,326,326,326,326,326,326,326,326,326,326,326,326,belyy yar,100.0,RU,1579730803,77.0,53.6,91.39,1.3999999999999773,1.6
327,327,327,327,327,327,327,327,327,327,327,327,327,327,327,327,327,327,327,sayyan,9.0,YE,1579730803,83.0,15.17,44.32,53.13200000000001,3.248
328,328,328,328,328,328,328,328,328,328,328,328,328,328,328,328,328,328,328,inta,100.0,RU,1579730804,94.0,66.03,60.17,15.99799999999999,3.168
329,329,329,329,329,329,329,329,329,329,329,329,329,329,329,329,329,329,329,bairnsdale,100.0,AU,1579730804,94.0,-37.83,147.62,62.99600000000004,6.08
330,330,330,330,330,330,330,330,330,330,330,330,330,330,330,330,330,330,330,mendoza,86.0,AR,1579730636,26.0,-32.89,-68.83,94.99999999999994,5.7600000000000025
331,331,331,331,331,331,331,331,331,331,331,331,331,331,331,331,331,331,331,gizo,75.0,SB,1579730805,80.0,-8.1,156.84,79.01600000000002,4.016
332,332,332,332,332,332,332,332,332,332,332,332,332,332,332,332,332,332,332,redding,90.0,US,1579730334,76.0,40.59,-122.39,55.39999999999992,2.4000000000000004
333,333,333,333,333,333,333,333,333,333,333,333,333,333,333,333,333,333,333,bull savanna,82.0,JM,1579730806,73.0,17.89,-77.59,71.834,5.5840000000000005
334,334,334,334,334,334,334,334,334,334,334,334,334,334,334,334,334,334,334,chicama,75.0,PE,1579730806,73.0,-7.84,-79.15,76.99999999999993,4.960000000000001
335,335,335,335,335,335,335,335,335,335,335,335,335,335,335,335,335,335,335,pangnirtung,40.0,CA,1579730807,74.0,66.15,-65.71,-25.600000000000023,1.6
336,336,336,336,336,336,336,336,336,336,336,336,336,336,336,336,336,336,336,haines junction,100.0,CA,1579730807,95.0,60.75,-137.51,13.136000000000026,0.8480000000000001
337,337,337,337,337,337,337,337,337,337,337,337,337,337,337,337,337,337,337,jinchang,91.0,CN,1579730807,51.0,38.5,102.17,17.168000000000063,0.976
338,338,338,338,338,338,338,338,338,338,338,338,338,338,338,338,338,338,338,shuyskoye,98.0,RU,1579730808,84.0,59.37,41.03,23.75599999999997,7.2959999999999985
339,339,339,339,339,339,339,339,339,339,339,339,339,339,339,339,339,339,339,quatre cocos,75.0,MU,1579730672,94.0,-20.21,57.76,78.99799999999998,10.336
340,340,340,340,340,340,340,340,340,340,340,340,340,340,340,340,340,340,340,mirabad,45.0,AF,1579730808,65.0,30.44,61.84,52.448000000000036,2.4480000000000004
341,341,341,341,341,341,341,341,341,341,341,341,341,341,341,341,341,341,341,ola,0.0,RU,1579730809,65.0,59.58,151.28,-18.687999999999988,4.4
342,342,342,342,342,342,342,342,342,342,342,342,342,342,342,342,342,342,342,sipovo,0.0,BA,1579730521,64.0,44.28,17.08,30.73999999999995,1.072
343,343,343,343,343,343,343,343,343,343,343,343,343,343,343,343,343,343,343,bangkalan,54.0,ID,1579730809,93.0,-7.05,112.74,75.86599999999993,3.008
344,344,344,344,344,344,344,344,344,344,344,344,344,344,344,344,344,344,344,lalian,0.0,PK,1579730810,64.0,31.82,72.8,47.22800000000001,4.24
345,345,345,345,345,345,345,345,345,345,345,345,345,345,345,345,345,345,345,jalu,0.0,LY,1579730810,59.0,29.03,21.55,52.33999999999998,4.256
346,346,346,346,346,346,346,346,346,346,346,346,346,346,346,346,346,346,346,jaciara,100.0,BR,1579730571,89.0,-15.97,-54.97,80.56400000000002,3.3760000000000003
347,347,347,347,347,347,347,347,347,347,347,347,347,347,347,347,347,347,347,yerbogachen,96.0,RU,1579730811,96.0,61.28,108.01,-31.41400000000005,4.368
348,348,348,348,348,348,348,348,348,348,348,348,348,348,348,348,348,348,348,shar,100.0,KZ,1579730811,85.0,49.59,81.05,20.048,9.68
349,349,349,349,349,349,349,349,349,349,349,349,349,349,349,349,349,349,349,uyuni,100.0,BO,1579730523,22.0,-20.46,-66.83,67.09999999999997,7.824
350,350,350,350,350,350,350,350,350,350,350,350,350,350,350,350,350,350,350,aklavik,75.0,CA,1579730812,74.0,68.22,-135.01,-20.19999999999999,2.4000000000000004
351,351,351,351,351,351,351,351,351,351,351,351,351,351,351,351,351,351,351,isangel,75.0,VU,1579730812,88.0,-19.55,169.27,78.80000000000003,10.624
352,352,352,352,352,352,352,352,352,352,352,352,352,352,352,352,352,352,352,fraserburgh,75.0,GB,1579730812,93.0,57.69,-2.02,48.99199999999996,1.6
353,353,353,353,353,353,353,353,353,353,353,353,353,353,353,353,353,353,353,meulaboh,0.0,ID,1579730813,77.0,4.14,96.13,81.73399999999998,4.464
354,354,354,354,354,354,354,354,354,354,354,354,354,354,354,354,354,354,354,nushki,0.0,PK,1579730813,54.0,29.55,66.02,46.95799999999997,2.5440000000000005
355,355,355,355,355,355,355,355,355,355,355,355,355,355,355,355,355,355,355,constitucion,14.0,CL,1579730814,77.0,-35.33,-72.42,63.787999999999954,6.096
356,356,356,356,356,356,356,356,356,356,356,356,356,356,356,356,356,356,356,dunedin,88.0,NZ,1579730593,93.0,-45.87,170.5,58.999999999999936,6.5280000000000005
357,357,357,357,357,357,357,357,357,357,357,357,357,357,357,357,357,357,357,berlevag,75.0,NO,1579730814,85.0,70.86,29.09,24.799999999999947,24.64
358,358,358,358,358,358,358,358,358,358,358,358,358,358,358,358,358,358,358,colares,40.0,PT,1579730815,93.0,38.8,-9.45,49.999999999999936,8.16
359,359,359,359,359,359,359,359,359,359,359,359,359,359,359,359,359,359,359,rio grande,75.0,BR,1579730815,73.0,-32.03,-52.1,76.99999999999993,11.52
360,360,360,360,360,360,360,360,360,360,360,360,360,360,360,360,360,360,360,okakarara,99.0,,1579730663,28.0,-20.58,17.43,81.392,8.288
361,361,361,361,361,361,361,361,361,361,361,361,361,361,361,361,361,361,361,naryan-mar,100.0,RU,1579730816,96.0,67.67,53.09,19.489999999999952,4.24
362,362,362,362,362,362,362,362,362,362,362,362,362,362,362,362,362,362,362,hualmay,97.0,PE,1579730683,70.0,-11.1,-77.61,74.30000000000003,4.24
363,363,363,363,363,363,363,363,363,363,363,363,363,363,363,363,363,363,363,shimanovsk,100.0,RU,1579730816,95.0,52.0,127.7,-8.032000000000039,6.6560000000000015
364,364,364,364,364,364,364,364,364,364,364,364,364,364,364,364,364,364,364,codrington,98.0,AU,1579730817,81.0,-38.27,141.97,58.387999999999984,19.328000000000007
365,365,365,365,365,365,365,365,365,365,365,365,365,365,365,365,365,365,365,palmer,20.0,US,1579730817,70.0,42.16,-72.33,33.99799999999999,2.4000000000000004
366,366,366,366,366,366,366,366,366,366,366,366,366,366,366,366,366,366,366,leh,100.0,IN,1579730817,94.0,34.17,77.58,-10.102000000000034,2.9440000000000004
367,367,367,367,367,367,367,367,367,367,367,367,367,367,367,367,367,367,367,obo,26.0,CF,1579730818,23.0,5.4,26.49,68.89999999999992,4.288
368,368,368,368,368,368,368,368,368,368,368,368,368,368,368,368,368,368,368,kirakira,1.0,SB,1579730529,82.0,-10.45,161.92,80.27600000000002,3.5840000000000005
369,369,369,369,369,369,369,369,369,369,369,369,369,369,369,369,369,369,369,paka,1.0,MY,1579730819,83.0,4.64,103.44,80.59999999999997,4.16
370,370,370,370,370,370,370,370,370,370,370,370,370,370,370,370,370,370,370,muscat,0.0,OM,1579730819,73.0,23.61,58.59,71.59999999999997,5.7600000000000025
371,371,371,371,371,371,371,371,371,371,371,371,371,371,371,371,371,371,371,nouakchott,100.0,MR,1579730695,56.0,18.09,-15.98,69.80000000000001,7.3599999999999985
372,372,372,372,372,372,372,372,372,372,372,372,372,372,372,372,372,372,372,maridi,79.0,SS,1579730820,22.0,4.92,29.47,69.15199999999999,2.752
373,373,373,373,373,373,373,373,373,373,373,373,373,373,373,373,373,373,373,gaogou,52.0,CN,1579730820,93.0,34.02,119.19,39.110000000000014,4.768
374,374,374,374,374,374,374,374,374,374,374,374,374,374,374,374,374,374,374,ilulissat,90.0,GL,1579730820,78.0,69.22,-51.1,13.999999999999945,11.52
375,375,375,375,375,375,375,375,375,375,375,375,375,375,375,375,375,375,375,iralaya,75.0,HN,1579730821,88.0,15.0,-83.23,76.99999999999993,9.920000000000002
376,376,376,376,376,376,376,376,376,376,376,376,376,376,376,376,376,376,376,ayan,100.0,RU,1579730821,69.0,56.45,138.17,-12.045999999999992,3.824
377,377,377,377,377,377,377,377,377,377,377,377,377,377,377,377,377,377,377,upernavik,100.0,GL,1579730821,91.0,72.79,-56.15,0.014000000000010004,5.968
378,378,378,378,378,378,378,378,378,378,378,378,378,378,378,378,378,378,378,xifeng,98.0,CN,1579730822,96.0,42.74,124.72,26.40200000000005,3.616
379,379,379,379,379,379,379,379,379,379,379,379,379,379,379,379,379,379,379,ngama,0.0,TD,1579730822,13.0,11.78,17.17,70.44800000000005,9.584
380,380,380,380,380,380,380,380,380,380,380,380,380,380,380,380,380,380,380,nacozari,89.0,MX,1579730823,59.0,25.34,-108.26,78.00799999999998,2.8640000000000003
381,381,381,381,381,381,381,381,381,381,381,381,381,381,381,381,381,381,381,svetlaya,54.0,RU,1579730823,67.0,46.54,138.33,15.512,6.448
382,382,382,382,382,382,382,382,382,382,382,382,382,382,382,382,382,382,382,bathsheba,75.0,BB,1579730635,88.0,13.22,-59.52,75.19999999999997,9.920000000000002
383,383,383,383,383,383,383,383,383,383,383,383,383,383,383,383,383,383,383,noumea,77.0,NC,1579730765,58.0,-22.28,166.46,82.39999999999992,2.4000000000000004
384,384,384,384,384,384,384,384,384,384,384,384,384,384,384,384,384,384,384,walvis bay,0.0,,1579730824,93.0,-22.96,14.51,66.99199999999989,5.7600000000000025
385,385,385,385,385,385,385,385,385,385,385,385,385,385,385,385,385,385,385,coari,89.0,BR,1579730824,65.0,-4.08,-63.14,87.368,2.24
386,386,386,386,386,386,386,386,386,386,386,386,386,386,386,386,386,386,386,thinadhoo,73.0,MV,1579730825,80.0,0.53,72.93,84.05599999999998,13.408
387,387,387,387,387,387,387,387,387,387,387,387,387,387,387,387,387,387,387,minab,40.0,IR,1579730760,77.0,27.15,57.08,64.39999999999992,4.960000000000001
388,388,388,388,388,388,388,388,388,388,388,388,388,388,388,388,388,388,388,sitka,90.0,US,1579730825,100.0,57.05,-135.33,42.79999999999996,4.16
389,389,389,389,389,389,389,389,389,389,389,389,389,389,389,389,389,389,389,saint george,1.0,US,1579730826,57.0,37.1,-113.58,53.00600000000003,4.16
390,390,390,390,390,390,390,390,390,390,390,390,390,390,390,390,390,390,390,lancaster,1.0,US,1579730566,50.0,40.25,-76.25,37.994000000000035,4.16
391,391,391,391,391,391,391,391,391,391,391,391,391,391,391,391,391,391,391,smithers,90.0,CA,1579730826,92.0,54.78,-127.17,28.399999999999977,3.3600000000000003
392,392,392,392,392,392,392,392,392,392,392,392,392,392,392,392,392,392,392,amarwara,59.0,IN,1579730827,82.0,22.3,79.17,57.05599999999998,3.136
393,393,393,393,393,393,393,393,393,393,393,393,393,393,393,393,393,393,393,yakeshi,0.0,CN,1579730827,94.0,49.28,120.73,-12.80200000000002,5.376
394,394,394,394,394,394,394,394,394,394,394,394,394,394,394,394,394,394,394,puro,4.0,PH,1579730828,77.0,12.48,123.38,75.54199999999997,8.064
395,395,395,395,395,395,395,395,395,395,395,395,395,395,395,395,395,395,395,san carlos de bariloche,20.0,AR,1579730828,31.0,-41.15,-71.31,89.59999999999997,9.920000000000002
396,396,396,396,396,396,396,396,396,396,396,396,396,396,396,396,396,396,396,udachnyy,16.0,RU,1579730828,65.0,66.42,112.4,-36.39999999999998,1.6
397,397,397,397,397,397,397,397,397,397,397,397,397,397,397,397,397,397,397,seoul,75.0,KR,1579730829,79.0,37.57,126.98,31.999999999999947,3.3600000000000003
398,398,398,398,398,398,398,398,398,398,398,398,398,398,398,398,398,398,398,vanavara,100.0,RU,1579730829,96.0,60.34,102.28,-13.180000000000007,5.888000000000001
399,399,399,399,399,399,399,399,399,399,399,399,399,399,399,399,399,399,399,xuddur,69.0,SO,1579730829,51.0,4.12,43.89,79.75399999999995,10.608
400,400,400,400,400,400,400,400,400,400,400,400,400,400,400,400,400,400,400,svetlogorsk,88.0,BY,1579730829,77.0,52.63,29.73,31.964,10.096
401,401,401,401,401,401,401,401,401,401,401,401,401,401,401,401,401,401,401,jining,0.0,CN,1579730830,82.0,35.41,116.58,36.428,2.656
402,402,402,402,402,402,402,402,402,402,402,402,402,402,402,402,402,402,402,salalah,75.0,OM,1579730830,64.0,17.02,54.09,73.39999999999992,2.4000000000000004
403,403,403,403,403,403,403,403,403,403,403,403,403,403,403,403,403,403,403,zima,15.0,RU,1579730831,99.0,53.92,102.04,-11.470000000000026,3.872
404,404,404,404,404,404,404,404,404,404,404,404,404,404,404,404,404,404,404,axim,75.0,GH,1579730831,80.0,4.87,-2.24,80.43800000000005,2.5600000000000005
405,405,405,405,405,405,405,405,405,405,405,405,405,405,405,405,405,405,405,matay,0.0,EG,1579730832,82.0,28.42,30.78,43.322,2.4480000000000004
406,406,406,406,406,406,406,406,406,406,406,406,406,406,406,406,406,406,406,ostrovnoy,100.0,RU,1579730729,76.0,68.05,39.51,24.637999999999977,17.152
407,407,407,407,407,407,407,407,407,407,407,407,407,407,407,407,407,407,407,clifton,1.0,US,1579730833,38.0,40.86,-74.16,39.19999999999993,0.5920000000000001
408,408,408,408,408,408,408,408,408,408,408,408,408,408,408,408,408,408,408,hovd,100.0,MN,1579730833,58.0,48.01,91.64,5.378000000000043,2.112
409,409,409,409,409,409,409,409,409,409,409,409,409,409,409,409,409,409,409,naze,75.0,JP,1579730834,82.0,28.37,129.48,67.99999999999993,13.92
410,410,410,410,410,410,410,410,410,410,410,410,410,410,410,410,410,410,410,ewa beach,20.0,US,1579730834,54.0,21.32,-158.01,80.00600000000003,5.7600000000000025
411,411,411,411,411,411,411,411,411,411,411,411,411,411,411,411,411,411,411,hammerfest,75.0,NO,1579730835,79.0,70.66,23.68,28.399999999999977,21.44
412,412,412,412,412,412,412,412,412,412,412,412,412,412,412,412,412,412,412,amahai,100.0,ID,1579730835,67.0,-3.33,128.92,81.28399999999993,8.752
413,413,413,413,413,413,413,413,413,413,413,413,413,413,413,413,413,413,413,huangmei,100.0,CN,1579730836,87.0,30.19,116.03,45.94999999999993,8.128
414,414,414,414,414,414,414,414,414,414,414,414,414,414,414,414,414,414,414,gilgit,91.0,PK,1579730836,83.0,35.92,74.31,7.862000000000022,2.32
415,415,415,415,415,415,415,415,415,415,415,415,415,415,415,415,415,415,415,tautira,20.0,PF,1579730663,66.0,-17.73,-149.15,87.80000000000004,12.32
416,416,416,416,416,416,416,416,416,416,416,416,416,416,416,416,416,416,416,chabahar,79.0,IR,1579730705,81.0,25.29,60.64,66.30799999999994,5.424
417,417,417,417,417,417,417,417,417,417,417,417,417,417,417,417,417,417,417,chebenki,75.0,RU,1579730837,86.0,51.93,55.71,30.19999999999993,9.6
418,418,418,418,418,418,418,418,418,418,418,418,418,418,418,418,418,418,418,shingu,100.0,JP,1579730838,89.0,33.73,135.98,55.94,4.704
419,419,419,419,419,419,419,419,419,419,419,419,419,419,419,419,419,419,419,ambovombe,64.0,MG,1579730674,83.0,-25.17,46.08,69.87200000000001,6.176
420,420,420,420,420,420,420,420,420,420,420,420,420,420,420,420,420,420,420,borogontsy,100.0,RU,1579730839,96.0,62.67,131.17,-25.43799999999999,3.7439999999999998
421,421,421,421,421,421,421,421,421,421,421,421,421,421,421,421,421,421,421,talara,0.0,PE,1579730839,100.0,-4.58,-81.27,62.59999999999997,9.12
422,422,422,422,422,422,422,422,422,422,422,422,422,422,422,422,422,422,422,charters towers,100.0,AU,1579730615,88.0,-20.1,146.27,76.91000000000003,5.056000000000001
423,423,423,423,423,423,423,423,423,423,423,423,423,423,423,423,423,423,423,port blair,100.0,IN,1579730840,77.0,11.67,92.75,80.36599999999993,7.487999999999999
424,424,424,424,424,424,424,424,424,424,424,424,424,424,424,424,424,424,424,chifeng,0.0,CN,1579730543,79.0,42.27,118.96,13.622000000000016,2.2880000000000003
425,425,425,425,425,425,425,425,425,425,425,425,425,425,425,425,425,425,425,ketchikan,90.0,US,1579730624,75.0,55.34,-131.65,44.59999999999997,4.16
